{
  "delete_avg_ms": 657.4257095158598,
  "delete_count": 599,
  "delete_errors": 17,
  "delete_ops_per_sec": 1.9760253911312475,
  "duration_seconds": 303.133756625,
  "entities_in_db": 24178,
  "memory_alloc_mb": 847.3611679077148,
  "memory_sys_mb": 1620.686424255371,
  "memory_total_alloc_mb": 544404.7390441895,
  "num_gc": 1554,
  "query_avg_ms": 41.074512418736454,
  "query_count": 5999,
  "query_errors": 0,
  "query_ops_per_sec": 19.789943775286066,
  "total_errors": 17,
  "total_operations": 11596,
  "update_avg_ms": 666.8169084542271,
  "update_count": 1999,
  "update_errors": 0,
  "update_ops_per_sec": 6.594448675912126,
  "write_avg_ms": 666.6795598532844,
  "write_count": 2999,
  "write_errors": 0,
  "write_ops_per_sec": 9.893322450755612
}