{
  "benchmark_type": "unthrottled",
  "delete_avg_ms": 356.09108910891086,
  "delete_count": 505,
  "delete_errors": 0,
  "delete_ops_per_sec": 2.8039899814907363,
  "duration_seconds": 180.100500834,
  "entities_in_db": 11350,
  "memory_alloc_mb": 2800.842155456543,
  "memory_sys_mb": 3956.12850189209,
  "memory_total_alloc_mb": 1303205.3865509033,
  "num_gc": 2137,
  "query_avg_ms": 64.39259524235378,
  "query_count": 22364,
  "query_errors": 0,
  "query_ops_per_sec": 124.17511276447293,
  "total_errors": 0,
  "total_operations": 25204,
  "update_avg_ms": 431.2906474820144,
  "update_count": 695,
  "update_errors": 0,
  "update_ops_per_sec": 3.85895650918032,
  "write_avg_ms": 439.094512195122,
  "write_count": 1640,
  "write_errors": 0,
  "write_ops_per_sec": 9.106026870583777
}